{"cameraMode":{"drawMode":0,"name":"Shaded","section":"Shading Mode"},"sceneLighting":true,"audioPlay":false,"sceneViewState":{"m_AlwaysRefresh":false,"showFog":true,"showSkybox":true,"showFlares":true,"showImageEffects":true,"showParticleSystems":true,"showVisualEffectGraphs":true,"m_FxEnabled":true},"in2DMode":false,"pivot":{"x":-7.0319342613220219,"y":1.8013498783111573,"z":11.234418869018555},"rotation":{"x":0.019661901518702508,"y":-0.12118155509233475,"z":0.002401521662250161,"w":0.9924399852752686},"size":13.608617782592774,"orthographic":false}