{"cameraMode":{"drawMode":0,"name":"Shaded","section":"Shading Mode"},"sceneLighting":true,"audioPlay":false,"sceneViewState":{"m_AlwaysRefresh":false,"showFog":true,"showSkybox":true,"showFlares":true,"showImageEffects":true,"showParticleSystems":true,"showVisualEffectGraphs":true,"m_FxEnabled":true},"in2DMode":false,"pivot":{"x":7.903903007507324,"y":2.582228660583496,"z":5.176748275756836},"rotation":{"x":0.006947030313313007,"y":0.9768400192260742,"z":0.03225135803222656,"w":-0.21096614003181458},"size":3.715670347213745,"orthographic":false}